"amostra","media"
1,829.76
2,846.72
3,792.34
4,811.95
5,842.63
6,873.35
7,817.63
8,837.96
9,837.88
10,802.89
11,846.1
12,819.32
13,855.86
14,841.1
15,845.72
16,834.5
17,839.38
18,815.75
19,844.24
20,842.36
21,793.91
22,792.07
23,853.48
24,827.02
25,822.6
26,796.13
27,835.98
28,797.01
29,796.86
30,841.69
31,802.83
32,855.51
33,835.36
34,827.41
35,814.78
36,863.26
37,821.58
38,868.04
39,810.4
40,831.42
41,844.63
42,861.35
43,837.47
44,805.93
45,791.39
46,853.13
47,869.89
48,805.88
49,809.04
50,799.73
51,835.9
52,878.97
53,783.07
54,818.42
55,815.01
56,877.55
57,801.12
58,858.72
59,829.8
60,831.23
61,826.42
62,831.74
63,776.48
64,859.81
65,816.61
66,820.51
67,827.47
68,823.89
69,831.58
70,839.23
71,811.72
72,821.33
73,842.65
74,819.06
75,863.48
76,837.24
77,814.38
78,855.13
79,829.98
80,807.89
81,854.3
82,816.39
83,819.23
84,837.98
85,823.31
86,816.5
87,835.21
88,829.06
89,823.89
90,830.73
91,830.35
92,826.06
93,823.6
94,832.82
95,842.68
96,805.31
97,838.7
98,845.26
99,829.53
100,846.25
